"","Day","Month","Year","Waterbody","Site","Sex","CW","Color","Barnacles","YearClass","TrapType","X","X.1","age_march","age_feb","sex_int"
"1",14,4,2021,"Drayton Harbor","North","Male",48,"Light-Orange","No",2020,"Minnow",NA,NA,1.11111111111111,1.16666666666667,2
"2",14,4,2021,"Drayton Harbor","North","Male",44.5,"Light-Orange","No",2020,"Minnow",NA,NA,1.11111111111111,1.16666666666667,2
"3",14,4,2021,"Drayton Harbor","Dakota Creek","Male",73,"Orange","No",2019,"Fukui",NA,NA,2.11111111111111,2.16666666666667,2
"4",14,4,2021,"Drayton Harbor","Dakota Creek","Male",54.5,"Light-Orange","No",2020,"Minnow",NA,NA,1.11111111111111,1.16666666666667,2
"5",14,4,2021,"Drayton Harbor","California Creek","Male",49,"Light-Orange","No",2020,"Minnow",NA,NA,1.11111111111111,1.16666666666667,2
"6",27,4,2021,"Drayton Harbor","North","Female",46.5,"Green","No",2020,"Fukui",NA,NA,1.11111111111111,1.16666666666667,1
"7",27,4,2021,"Drayton Harbor","North","Male",72,"Red/Orange","Yes",2019,"Fukui",NA,NA,2.11111111111111,2.16666666666667,2
"8",27,4,2021,"Drayton Harbor","North","Male",64,"Red/Orange","Yes",2019,"Fukui",NA,NA,2.11111111111111,2.16666666666667,2
"9",28,4,2021,"Drayton Harbor","California Creek","Male",73,"Light-Orange","No",2019,"Hand",NA,NA,2.11111111111111,2.16666666666667,2
"10",29,4,2021,"Drayton Harbor","California Creek","Female",65,"Red/Orange","No",2019,"Fukui",NA,NA,2.11111111111111,2.16666666666667,1
"11",29,4,2021,"Drayton Harbor","California Creek","Female",60.5,"Red/Orange","Yes",2019,"Fukui",NA,NA,2.11111111111111,2.16666666666667,1
"13",30,4,2021,"Drayton Harbor","Dakota Creek","Female",68,"Red/Orange","Yes",2019,"Fukui",NA,NA,2.11111111111111,2.16666666666667,1
"14",30,4,2021,"Drayton Harbor","Dakota Creek","Female",45,"Light-Green","No",2020,"Minnow",NA,NA,1.11111111111111,1.16666666666667,1
"15",30,4,2021,"Drayton Harbor","Dakota Creek","Female",69.5,"Red/Orange","Yes",2019,"Fukui",NA,NA,2.11111111111111,2.16666666666667,1
"16",11,5,2021,"Drayton Harbor","North","Male",45,"Yellow","No",2020,"Fukui",NA,NA,1.22222222222222,1.25,2
"18",11,5,2021,"Drayton Harbor","Dakota Creek","Male",55.5,"Yellow","No",2020,"Fukui",NA,NA,1.22222222222222,1.25,2
"19",11,5,2021,"Drayton Harbor","Dakota Creek","Female",62,"Red/Orange","No",2019,"Fukui",NA,NA,2.22222222222222,2.25,1
"20",11,5,2021,"Drayton Harbor","Dakota Creek","Female",78,"Red/Orange","Yes",2019,"Fukui",NA,NA,2.22222222222222,2.25,1
"21",11,5,2021,"Drayton Harbor","California Creek","Female",63,"Red/Orange","No",2019,"Fukui",NA,NA,2.22222222222222,2.25,1
"22",13,5,2021,"Drayton Harbor","South","Male",57,"Green","No",2020,"Fukui",NA,NA,1.22222222222222,1.25,2
"23",14,5,2021,"Drayton Harbor","Dakota Creek","Female",55,"Orange","No",2020,"Fukui",NA,NA,1.22222222222222,1.25,1
"24",14,5,2021,"Drayton Harbor","Dakota Creek","Male",49,"Yellow","No",2020,"Minnow",NA,NA,1.22222222222222,1.25,2
"25",14,5,2021,"Drayton Harbor","Dakota Creek","Male",47,"Yellow","No",2020,"Minnow",NA,NA,1.22222222222222,1.25,2
"26",14,5,2021,"Drayton Harbor","Dakota Creek","Female",71.5,"Red/Orange","Yes",2019,"Fukui",NA,NA,2.22222222222222,2.25,1
"71",24,8,2021,"Drayton Harbor","Dakota Creek","Male",83,"Red/Orange","No",2019,"Shrimp",NA,NA,2.55555555555556,2.5,2
"74",24,8,2021,"Drayton Harbor","Dakota Creek","Female",76,"Yellow","No",2019,"Shrimp",NA,NA,2.55555555555556,2.5,1
"77",25,8,2021,"Drayton Harbor","Central","Male",84,"Red Orange","Yes",2019,"Shrimp",NA,NA,2.55555555555556,2.5,2
"86",2,9,2021,"Drayton Harbor","California Creek","Male",38,"Green","No",2021,"Minnow",NA,NA,0.666666666666667,0.583333333333333,2
"104",15,9,2021,"Drayton Harbor","Dakota Creek","Male",31,"Light-Green","No",2021,"Minnow",NA,NA,0.666666666666667,0.583333333333333,2
"115",17,9,2021,"Drayton Harbor","Dakota Creek","Male",38,"Yellow","No",2021,"Minnow",NA,NA,0.666666666666667,0.583333333333333,2
"150",3,5,2022,"Drayton Harbor","Dakota Creek","Male",41.5,"Light-Green","N",2021,"Shrimp",NA,NA,1.22222222222222,1.25,2
"159",17,5,2022,"Drayton Harbor","North","Female",46.5,"Light-Green","N",2021,"Fukui",NA,NA,1.22222222222222,1.25,1
"160",17,5,2022,"Drayton Harbor","Dakota Creek","Male",65,"Light-Green","N",2021,"Shrimp",NA,NA,1.22222222222222,1.25,2
"173",15,6,2022,"Drayton Harbor","Dakota Creek","Female",52,"Green","N",2021,"Minnow",NA,NA,1.33333333333333,1.33333333333333,1
"178",28,6,2022,"Drayton Harbor","Dakota Creek","Male",67,"Yellow","Y",2021,"Shrimp",NA,NA,1.33333333333333,1.33333333333333,2
"180",28,6,2022,"Drayton Harbor","Dakota Creek","Male",73,"Green","N",2021,"Shrimp",NA,NA,1.33333333333333,1.33333333333333,2
"182",28,6,2022,"Drayton Harbor","Dakota Creek","Male",63,"Yellow","N",2021,"Shrimp",NA,NA,1.33333333333333,1.33333333333333,2
"185",29,6,2022,"Drayton Harbor","Dakota Creek","Male",66,"Yellow","Y",2021,"Shrimp",NA,NA,1.33333333333333,1.33333333333333,2
"186",29,6,2022,"Drayton Harbor","Dakota Creek","Male",71,"Yellow","N",2021,"Shrimp",NA,NA,1.33333333333333,1.33333333333333,2
"188",29,6,2022,"Drayton Harbor","Dakota Creek","Male",70,"Yellow","N",2021,"Shrimp",NA,NA,1.33333333333333,1.33333333333333,2
"189",29,6,2022,"Drayton Harbor","Dakota Creek","Male",72,"Yellow","N",2021,"Shrimp",NA,NA,1.33333333333333,1.33333333333333,2
"191",30,6,2022,"Drayton Harbor","North","Female",50,"Green","N",2021,"Fukui",NA,NA,1.33333333333333,1.33333333333333,1
"193",30,6,2022,"Drayton Harbor","Dakota Creek","Male",71,"Red/Orange","Y",2021,"Shrimp",NA,NA,1.33333333333333,1.33333333333333,2
"194",30,6,2022,"Drayton Harbor","Dakota Creek","Male",69,"Red/Orange","Y",2021,"Shrimp",NA,NA,1.33333333333333,1.33333333333333,2
"203",6,7,2022,"Drayton Harbor","North","Male",56,"Light-Green","N",2021,"Shrimp",NA,NA,1.44444444444444,1.41666666666667,2
"206",20,7,2022,"Drayton Harbor","North","Male",70,"Yellow","N",2021,"Shrimp",NA,NA,1.44444444444444,1.41666666666667,2
"210",20,7,2022,"Drayton Harbor","North","Male",72,"Yellow","N",2021,"Shrimp",NA,NA,1.44444444444444,1.41666666666667,2
"211",22,7,2022,"Drayton Harbor","North","Male",65,"Yellow","N",2021,"Shrimp",NA,NA,1.44444444444444,1.41666666666667,2
"217",26,7,2022,"Drayton Harbor","North","Male",65,"Yellow/Orange","N",2021,"Shrimp",NA,NA,1.44444444444444,1.41666666666667,2
"218",26,7,2022,"Drayton Harbor","California Creek","Female",54,"Green/Yellow","N",2021,"Minnow",NA,NA,1.44444444444444,1.41666666666667,1
"220",27,7,2022,"Drayton Harbor","North","Male",60,"Yellow","N",2021,"Shrimp",NA,NA,1.44444444444444,1.41666666666667,2
"221",27,7,2022,"Drayton Harbor","North","Female",56.5,"Green/Yellow","N",2021,"Shrimp",NA,NA,1.44444444444444,1.41666666666667,1
"227",3,8,2022,"Drayton Harbor","North","Male",67,"Green","N",2021,"Shrimp",NA,NA,1.55555555555556,1.5,2
"228",5,8,2022,"Drayton Harbor","North","Male",56,"Yellow","N",2021,"Shrimp",NA,NA,1.55555555555556,1.5,2
"233",9,8,2022,"Drayton Harbor","Dakota Creek","Male",65,"Green/Yellow","N",2021,"Shrimp",NA,NA,1.55555555555556,1.5,2
"237",10,8,2022,"Drayton Harbor","North","Female",58,"Green","N",2021,"Shrimp",NA,NA,1.55555555555556,1.5,1
"239",10,8,2022,"Drayton Harbor","Dakota Creek","Male",72,"Yellow/Orange","N",2021,"Shrimp",NA,NA,1.55555555555556,1.5,2
"243",12,8,2022,"Drayton Harbor","Dakota Creek","Male",72.5,"Yellow","N",2021,"Shrimp",NA,NA,1.55555555555556,1.5,2
"246",12,8,2022,"Drayton Harbor","Dakota Creek","Male",60,"Green/Yellow","N",2021,"Shrimp",NA,NA,1.55555555555556,1.5,2
"250",24,8,2022,"Drayton Harbor","Dakota Creek","Male",72,"Orange","Y",2021,"Shrimp",NA,NA,1.55555555555556,1.5,2
"252",25,8,2022,"Drayton Harbor","North","Male",75,"Yellow/Orange","Y",2021,"Shrimp",NA,NA,1.55555555555556,1.5,2
"254",7,9,2022,"Drayton Harbor","Dakota Creek","Male",74,"Orange","Y",2021,"Shrimp",NA,NA,1.66666666666667,1.58333333333333,2
"258",13,9,2022,"Drayton Harbor","East","Female",41,"Light-Green","N",2022,"Minnow",NA,NA,0.666666666666667,0.583333333333333,1
"259",13,9,2022,"Drayton Harbor","East","Female",32,"Light-Green","N",2022,"Shrimp",NA,NA,0.666666666666667,0.583333333333333,1
"261",20,9,2022,"Drayton Harbor","East","Male",33.5,"Green","N",2022,"Minnow",NA,NA,0.666666666666667,0.583333333333333,2
"262",20,9,2022,"Drayton Harbor","East","Male",39,"Green","N",2022,"Minnow",NA,NA,0.666666666666667,0.583333333333333,2
"263",20,9,2022,"Drayton Harbor","East","Male",36,"Green","N",2022,"Minnow",NA,NA,0.666666666666667,0.583333333333333,2
"264",20,9,2022,"Drayton Harbor","East","Female",35.5,"Green","N",2022,"Minnow",NA,NA,0.666666666666667,0.583333333333333,1
"265",20,9,2022,"Drayton Harbor","East","Female",43.5,"Green","N",2022,"Minnow",NA,NA,0.666666666666667,0.583333333333333,1
"266",20,9,2022,"Drayton Harbor","Dakota Creek","Female",39.5,"Green","N",2022,"Shrimp",NA,NA,0.666666666666667,0.583333333333333,1
"267",20,9,2022,"Drayton Harbor","Dakota Creek","Male",39.5,"Green","N",2022,"Shrimp",NA,NA,0.666666666666667,0.583333333333333,2
"270",20,9,2022,"Drayton Harbor","Dakota Creek","Male",42,"Green","N",2022,"Shrimp",NA,NA,0.666666666666667,0.583333333333333,2
"271",20,9,2022,"Drayton Harbor","Dakota Creek","Male",46,"Yellow-Green","N",2022,"Shrimp",NA,NA,0.666666666666667,0.583333333333333,2
"272",20,9,2022,"Drayton Harbor","Dakota Creek","Female",38.5,"Green","N",2022,"Shrimp",NA,NA,0.666666666666667,0.583333333333333,1
"273",20,9,2022,"Drayton Harbor","Dakota Creek","Male",42.5,"Yellow-Green","N",2022,"Shrimp",NA,NA,0.666666666666667,0.583333333333333,2
"275",20,9,2022,"Drayton Harbor","Dakota Creek","Female",47,"Green","N",2022,"Shrimp",NA,NA,0.666666666666667,0.583333333333333,1
"276",20,9,2022,"Drayton Harbor","Dakota Creek","Male",39.5,"Green","N",2022,"Shrimp",NA,NA,0.666666666666667,0.583333333333333,2
"278",20,9,2022,"Drayton Harbor","California Creek","Female",41,"Green","N",2022,"Shrimp",NA,NA,0.666666666666667,0.583333333333333,1
"279",20,9,2022,"Drayton Harbor","California Creek","Male",39,"Green","N",2022,"Shrimp",NA,NA,0.666666666666667,0.583333333333333,2
"280",20,9,2022,"Drayton Harbor","California Creek","Male",71,"Yellow-Orange","N",2021,"Shrimp",NA,NA,1.66666666666667,1.58333333333333,2
"281",21,9,2022,"Drayton Harbor","California Creek","Male",41,"Yellow-Green","N",2022,"Minnow",NA,NA,0.666666666666667,0.583333333333333,2
"282",21,9,2022,"Drayton Harbor","California Creek","Male",34,"Green","N",2022,"Minnow",NA,NA,0.666666666666667,0.583333333333333,2
"284",27,9,2022,"Drayton Harbor","North","Male",38,"Light-Green","N",2022,"Shrimp",NA,NA,0.666666666666667,0.583333333333333,2
"285",27,9,2022,"Drayton Harbor","North","Female",40,"Light-Green","N",2022,"Shrimp",NA,NA,0.666666666666667,0.583333333333333,1
"286",27,9,2022,"Drayton Harbor","North","Female",39,"Light-Green","N",2022,"Shrimp",NA,NA,0.666666666666667,0.583333333333333,1
"289",27,9,2022,"Drayton Harbor","North","Male",41,"Light-Green","N",2022,"Shrimp",NA,NA,0.666666666666667,0.583333333333333,2
"290",27,9,2022,"Drayton Harbor","East","Male",31,"Light-Green","N",2022,"Minnow",NA,NA,0.666666666666667,0.583333333333333,2
"291",27,9,2022,"Drayton Harbor","East","Female",35,"Green","N",2022,"Minnow",NA,NA,0.666666666666667,0.583333333333333,1
"292",27,9,2022,"Drayton Harbor","East","Female",40,"Green","N",2022,"Minnow",NA,NA,0.666666666666667,0.583333333333333,1
"293",27,9,2022,"Drayton Harbor","East","Male",49,"Light-Green","N",2022,"Minnow",NA,NA,0.666666666666667,0.583333333333333,2
"294",27,9,2022,"Drayton Harbor","East","Male",37,"Green","N",2022,"Minnow",NA,NA,0.666666666666667,0.583333333333333,2
"295",27,9,2022,"Drayton Harbor","East","Female",33,"Green","N",2022,"Shrimp",NA,NA,0.666666666666667,0.583333333333333,1
"296",27,9,2022,"Drayton Harbor","East","Female",36,"Light-Green","N",2022,"Shrimp",NA,NA,0.666666666666667,0.583333333333333,1
"297",27,9,2022,"Drayton Harbor","East","Male",45,"Yellow-Green","N",2022,"Minnow",NA,NA,0.666666666666667,0.583333333333333,2
"298",27,9,2022,"Drayton Harbor","East","Male",44,"Light-Green","N",2022,"Minnow",NA,NA,0.666666666666667,0.583333333333333,2
"299",27,9,2022,"Drayton Harbor","East","Female",43,"Light-Green","N",2022,"Minnow",NA,NA,0.666666666666667,0.583333333333333,1
"300",27,9,2022,"Drayton Harbor","East","Female",42,"Green","N",2022,"Minnow",NA,NA,0.666666666666667,0.583333333333333,1
"301",27,9,2022,"Drayton Harbor","East","Male",46,"Light-Green","N",2022,"Minnow",NA,NA,0.666666666666667,0.583333333333333,2
"302",27,9,2022,"Drayton Harbor","East","Male",46,"Light-Green","N",2022,"Minnow",NA,NA,0.666666666666667,0.583333333333333,2
"303",28,9,2022,"Drayton Harbor","East","Female",43,"Green","N",2022,"Minnow",NA,NA,0.666666666666667,0.583333333333333,1
"306",4,10,2022,"Drayton Harbor","Dakota Creek","Male",40,"Yellow/Green","N",2022,"Shrimp",NA,NA,0.777777777777778,0.666666666666667,2
"308",4,10,2022,"Drayton Harbor","Dakota Creek","Female",43,"Green","N",2022,"Shrimp",NA,NA,0.777777777777778,0.666666666666667,1
"309",4,10,2022,"Drayton Harbor","Dakota Creek","Male",47,"Light-Green","N",2022,"Shrimp",NA,NA,0.777777777777778,0.666666666666667,2
"310",4,10,2022,"Drayton Harbor","Dakota Creek","Female",47,"Light-Green/Dark-Green","N",2022,"Shrimp",NA,NA,0.777777777777778,0.666666666666667,1
"311",4,10,2022,"Drayton Harbor","Dakota Creek","Male",49,"Yellow/Green","N",2022,"Shrimp",NA,NA,0.777777777777778,0.666666666666667,2
"312",4,10,2022,"Drayton Harbor","Dakota Creek","Female",42,"Light-Green/Dark-Green","N",2022,"Shrimp",NA,NA,0.777777777777778,0.666666666666667,1
"313",4,10,2022,"Drayton Harbor","Dakota Creek","Male",45,"Yellow/Green","N",2022,"Shrimp",NA,NA,0.777777777777778,0.666666666666667,2
"314",4,10,2022,"Drayton Harbor","Dakota Creek","Male",44,"Light-Green","N",2022,"Shrimp",NA,NA,0.777777777777778,0.666666666666667,2
"315",4,10,2022,"Drayton Harbor","Dakota Creek","Female",39,"Light-Green/Dark-Green","N",2022,"Minnow",NA,NA,0.777777777777778,0.666666666666667,1
"316",4,10,2022,"Drayton Harbor","Dakota Creek","Male",42,"Light-Green","N",2022,"Minnow",NA,NA,0.777777777777778,0.666666666666667,2
"317",4,10,2022,"Drayton Harbor","Dakota Creek","Male",54,"Light-Green","N",2022,"Minnow",NA,NA,0.777777777777778,0.666666666666667,2
"318",4,10,2022,"Drayton Harbor","Dakota Creek","Female",37,"Green/Dark-Green","N",2022,"Minnow",NA,NA,0.777777777777778,0.666666666666667,1
"319",4,10,2022,"Drayton Harbor","Dakota Creek","Female",41,"Green/Dark-Green","N",2022,"Minnow",NA,NA,0.777777777777778,0.666666666666667,1
"320",4,10,2022,"Drayton Harbor","Dakota Creek","Male",49,"Yellow/Green","N",2022,"Minnow",NA,NA,0.777777777777778,0.666666666666667,2
"321",4,10,2022,"Drayton Harbor","Dakota Creek","Male",52,"Yellow/Green","N",2022,"Minnow",NA,NA,0.777777777777778,0.666666666666667,2
"322",4,10,2022,"Drayton Harbor","Dakota Creek","Male",50,"Yellow/Green","N",2022,"Minnow",NA,NA,0.777777777777778,0.666666666666667,2
"323",4,10,2022,"Drayton Harbor","Dakota Creek","Female",37,"Light-Green/Dark-Green","N",2022,"Minnow",NA,NA,0.777777777777778,0.666666666666667,1
"324",4,10,2022,"Drayton Harbor","Dakota Creek","Female",45,"Yellow/Green","N",2022,"Minnow",NA,NA,0.777777777777778,0.666666666666667,1
"325",4,10,2022,"Drayton Harbor","Dakota Creek","Male",37,"Green/Light-Green","N",2022,"Minnow",NA,NA,0.777777777777778,0.666666666666667,2
"326",4,10,2022,"Drayton Harbor","California Creek","Male",49,"Yellow/Green","N",2022,"Minnow",NA,NA,0.777777777777778,0.666666666666667,2
"327",4,10,2022,"Drayton Harbor","East","Male",45,"Light-Green","N",2022,"Minnow",NA,NA,0.777777777777778,0.666666666666667,2
"328",4,10,2022,"Drayton Harbor","East","Male",39,"Green","N",2022,"Minnow",NA,NA,0.777777777777778,0.666666666666667,2
"329",4,10,2022,"Drayton Harbor","East","Male",47,"Yellow/Green","N",2022,"Shrimp",NA,NA,0.777777777777778,0.666666666666667,2
"330",4,10,2022,"Drayton Harbor","East","Male",51,"Yellow/Green","N",2022,"Shrimp",NA,NA,0.777777777777778,0.666666666666667,2
"331",4,10,2022,"Drayton Harbor","East","Male",49,"Light-Green","N",2022,"Minnow",NA,NA,0.777777777777778,0.666666666666667,2
"332",4,10,2022,"Drayton Harbor","East","Female",46,"Green","N",2022,"Minnow",NA,NA,0.777777777777778,0.666666666666667,1
"333",4,10,2022,"Drayton Harbor","East","Male",47,"Light-Green","N",2022,"Minnow",NA,NA,0.777777777777778,0.666666666666667,2
"334",5,10,2022,"Drayton Harbor","California Creek","Male",46.5,"Yellow","N",2022,"Minnow",NA,NA,0.777777777777778,0.666666666666667,2
"335",5,10,2022,"Drayton Harbor","California Creek","Male",45.5,"Light-Green/Yellow","N",2022,"Minnow",NA,NA,0.777777777777778,0.666666666666667,2
"336",5,10,2022,"Drayton Harbor","California Creek","Female",48,"Yellow/Green","N",2022,"Minnow",NA,NA,0.777777777777778,0.666666666666667,1
"337",5,10,2022,"Drayton Harbor","California Creek","Male",49,"Light-Green/Yellow","N",2022,"Minnow",NA,NA,0.777777777777778,0.666666666666667,2
"338",5,10,2022,"Drayton Harbor","California Creek","Female",46,"Green","N",2022,"Minnow",NA,NA,0.777777777777778,0.666666666666667,1
"339",5,10,2022,"Drayton Harbor","California Creek","Female",48,"Light-Green/Dark-Green","N",2022,"Minnow",NA,NA,0.777777777777778,0.666666666666667,1
"340",5,10,2022,"Drayton Harbor","Dakota Creek","Female",46,"Light-Green/Yellow","N",2022,"Shrimp",NA,NA,0.777777777777778,0.666666666666667,1
"343",5,10,2022,"Drayton Harbor","Dakota Creek","Female",45,"Light-Green/Yellow","N",2022,"Shrimp",NA,NA,0.777777777777778,0.666666666666667,1
"344",5,10,2022,"Drayton Harbor","Dakota Creek","Female",39,"Light-Green","N",2022,"Shrimp",NA,NA,0.777777777777778,0.666666666666667,1
"345",5,10,2022,"Drayton Harbor","Dakota Creek","Female",45,"Light-Green","N",2022,"Shrimp",NA,NA,0.777777777777778,0.666666666666667,1
"347",5,10,2022,"Drayton Harbor","Dakota Creek","Male",47.5,"Yellow","N",2022,"Shrimp",NA,NA,0.777777777777778,0.666666666666667,2
"348",5,10,2022,"Drayton Harbor","Dakota Creek","Female",41,"Green","N",2022,"Shrimp",NA,NA,0.777777777777778,0.666666666666667,1
"349",5,10,2022,"Drayton Harbor","Dakota Creek","Female",36,"Green","N",2022,"Minnow",NA,NA,0.777777777777778,0.666666666666667,1
"350",5,10,2022,"Drayton Harbor","Dakota Creek","Male",40,"Light-Green/Yellow","N",2022,"Minnow",NA,NA,0.777777777777778,0.666666666666667,2
"351",5,10,2022,"Drayton Harbor","East","Male",53,"Yellow","N",2022,"Minnow",NA,NA,0.777777777777778,0.666666666666667,2
"352",5,10,2022,"Drayton Harbor","East","Female",37,"Green","N",2022,"Minnow",NA,NA,0.777777777777778,0.666666666666667,1
"353",5,10,2022,"Drayton Harbor","East","Female",37,"Green","N",2022,"Minnow",NA,NA,0.777777777777778,0.666666666666667,1
"354",5,10,2022,"Drayton Harbor","East","Female",43,"Green","N",2022,"Minnow",NA,NA,0.777777777777778,0.666666666666667,1
"355",6,10,2022,"Drayton Harbor","North","Female",39.5,"Green","N",2022,"Fukui",NA,NA,0.777777777777778,0.666666666666667,1
"356",6,10,2022,"Drayton Harbor","North","Male",42,"Light-Green/Yellow","N",2022,"Minnow",NA,NA,0.777777777777778,0.666666666666667,2
"357",6,10,2022,"Drayton Harbor","North","Male",45.5,"Yellow/Green","N",2022,"Shrimp",NA,NA,0.777777777777778,0.666666666666667,2
"359",6,10,2022,"Drayton Harbor","Dakota Creek","Male",45.5,"Light-Green/Yellow","N",2022,"Shrimp",NA,NA,0.777777777777778,0.666666666666667,2
"361",6,10,2022,"Drayton Harbor","Dakota Creek","Female",49.5,"Yellow/Dark-Green","N",2022,"Minnow",NA,NA,0.777777777777778,0.666666666666667,1
"362",6,10,2022,"Drayton Harbor","Dakota Creek","Male",44,"Light-Green/Yellow","N",2022,"Shrimp",NA,NA,0.777777777777778,0.666666666666667,2
"365",6,10,2022,"Drayton Harbor","California Creek","Male",39.5,"Light-Green/Yellow","N",2022,"Minnow",NA,NA,0.777777777777778,0.666666666666667,2
"366",6,10,2022,"Drayton Harbor","East","Female",40,"Light-Green","N",2022,"Minnow",NA,NA,0.777777777777778,0.666666666666667,1
"367",6,10,2022,"Drayton Harbor","East","Female",39.5,"Yellow/Green","N",2022,"Minnow",NA,NA,0.777777777777778,0.666666666666667,1
"368",6,10,2022,"Drayton Harbor","East","Female",32,"Light-Green","N",2022,"Minnow",NA,NA,0.777777777777778,0.666666666666667,1
"369",27,5,2020,"Drayton Harbor","Core - Pillars","Male",52,"Green","No",2019,"Fukui",NA,NA,1.22222222222222,1.25,2
"370",27,5,2020,"Drayton Harbor","Core - Pillars","Male",61,"Green","No",2019,"Fukui",NA,NA,1.22222222222222,1.25,2
"371",27,5,2020,"Drayton Harbor","Core - Pillars","Male",56,"Green","No",2019,"Fukui",NA,NA,1.22222222222222,1.25,2
"372",27,5,2020,"Drayton Harbor","Core - Pillars","Female",43,"Red/Orange","No",2019,"Minnow",NA,NA,1.22222222222222,1.25,1
"373",27,5,2020,"Drayton Harbor","Core - Pillars","Female",49,"Red/Orange","No",2019,"Fukui",NA,NA,1.22222222222222,1.25,1
"374",27,5,2020,"Drayton Harbor","Core - Pillars","Female",49,"Red/Orange","No",2019,"Minnow",NA,NA,1.22222222222222,1.25,1
"375",27,5,2020,"Drayton Harbor","Core - Pillars","Female",45,"Red/Orange","No",2019,"Minnow",NA,NA,1.22222222222222,1.25,1
"376",27,5,2020,"Drayton Harbor","Core - Pillars","Female",51,"Red/Orange","Yes",2019,"Minnow",NA,NA,1.22222222222222,1.25,1
"377",27,5,2020,"Drayton Harbor","Core - Pillars","Male",42,"Green","No",2019,"Minnow",NA,NA,1.22222222222222,1.25,2
"378",27,5,2020,"Drayton Harbor","Core - Pillars","Male",49,"Green","No",2019,"Minnow",NA,NA,1.22222222222222,1.25,2
"379",27,5,2020,"Drayton Harbor","Core - Pillars","Male",48,"Green","No",2019,"Minnow",NA,NA,1.22222222222222,1.25,2
"380",27,5,2020,"Drayton Harbor","Core - Pillars","Female",49,"Red/Orange","No",2019,"Minnow",NA,NA,1.22222222222222,1.25,1
"381",27,5,2020,"Drayton Harbor","Core - Pillars","Male",55.5,"Green","No",2019,"Minnow",NA,NA,1.22222222222222,1.25,2
"382",27,5,2020,"Drayton Harbor","Core - Pillars","Male",53,"Green","No",2019,"Minnow",NA,NA,1.22222222222222,1.25,2
"383",27,5,2020,"Drayton Harbor","Core - Pillars","Female",51,"Green","No",2019,"Fukui",NA,NA,1.22222222222222,1.25,1
"384",27,5,2020,"Drayton Harbor","Core - Pillars","Male",51,"Green","No",2019,"Minnow",NA,NA,1.22222222222222,1.25,2
"385",27,5,2020,"Drayton Harbor","Core - Pillars","Female",43,"Light-Green","No",2019,"Fukui",NA,NA,1.22222222222222,1.25,1
"386",27,5,2020,"Drayton Harbor","Core - Pillars","Male",51,"Green","No",2019,"Fukui",NA,NA,1.22222222222222,1.25,2
"387",27,5,2020,"Drayton Harbor","Core - Pillars","Male",47,"Green","No",2019,"Fukui",NA,NA,1.22222222222222,1.25,2
"388",27,5,2020,"Drayton Harbor","Core - Pillars","Male",49.4,"Light-Green","No",2019,"Minnow",NA,NA,1.22222222222222,1.25,2
"389",27,5,2020,"Drayton Harbor","Core - Pillars","Male",51.7,"Green","No",2019,"Minnow",NA,NA,1.22222222222222,1.25,2
"390",27,5,2020,"Drayton Harbor","Core - California Creek","Male",43,"Green","No",2019,"Fukui",NA,NA,1.22222222222222,1.25,2
"391",27,5,2020,"Drayton Harbor","Core - California Creek","Male",40,"Green","No",2019,"Fukui",NA,NA,1.22222222222222,1.25,2
"392",27,5,2020,"Drayton Harbor","Core - California Creek","Male",45,"Dark-Green","No",2019,"Minnow",NA,NA,1.22222222222222,1.25,2
"393",28,5,2020,"Drayton Harbor","Core - Pillars","Male",47,"Yellow","No",2019,"Minnow",NA,NA,1.22222222222222,1.25,2
"394",28,5,2020,"Drayton Harbor","Core - Pillars","Male",53,"Yellow","No",2019,"Minnow",NA,NA,1.22222222222222,1.25,2
"395",28,5,2020,"Drayton Harbor","Core - Pillars","Female",47,"Orange","No",2019,"Minnow",NA,NA,1.22222222222222,1.25,1
"396",28,5,2020,"Drayton Harbor","Core - Pillars","Female",47,"Orange","No",2019,"Minnow",NA,NA,1.22222222222222,1.25,1
"397",28,5,2020,"Drayton Harbor","Core - Pillars","Male",53,"Green","No",2019,"Fukui",NA,NA,1.22222222222222,1.25,2
"398",28,5,2020,"Drayton Harbor","Prospecting - California Creek - Bridge","Female",52,"Green","No",2019,"Minnow",NA,NA,1.22222222222222,1.25,1
"399",28,5,2020,"Drayton Harbor","Prospecting - California Creek - Bridge","Female",47,"Orange","Yes",2019,"Minnow",NA,NA,1.22222222222222,1.25,1
"400",29,5,2020,"Drayton Harbor","Core - Pillars","Female",41.5,"Orange","No",2019,"Minnow",NA,NA,1.22222222222222,1.25,1
"401",29,5,2020,"Drayton Harbor","Core - Pillars","Female",38,"Orange","No",2019,"Minnow",NA,NA,1.22222222222222,1.25,1
"402",29,5,2020,"Drayton Harbor","Core - Pillars","Male",48,"Green","No",2019,"Minnow",NA,NA,1.22222222222222,1.25,2
"403",29,5,2020,"Drayton Harbor","Core - Pillars","Female",44.5,"Green","No",2019,"Fukui",NA,NA,1.22222222222222,1.25,1
"404",29,5,2020,"Drayton Harbor","Core - Pillars","Male",50,"Yellow","No",2019,"Minnow",NA,NA,1.22222222222222,1.25,2
"405",29,5,2020,"Drayton Harbor","Prospecting - Pillars","Female",43.5,"Orange","No",2019,"Minnow",NA,NA,1.22222222222222,1.25,1
"406",29,5,2020,"Drayton Harbor","Prospecting - Pillars","Male",42,"Green","No",2019,"Fukui",NA,NA,1.22222222222222,1.25,2
"407",29,5,2020,"Drayton Harbor","Prospecting - Pillars","Male",45,"Green","No",2019,"Fukui",NA,NA,1.22222222222222,1.25,2
"408",29,5,2020,"Drayton Harbor","Index - DC - Mouth","Male",54,"Yellow","No",2019,"Fukui",NA,NA,1.22222222222222,1.25,2
"409",4,6,2020,"Drayton Harbor","Core - Pillars","Female",49,"Green","No",2019,"Fukui",NA,NA,1.33333333333333,1.33333333333333,1
"410",4,6,2020,"Drayton Harbor","Core - Pillars","Female",48,"Red/Orange","No",2019,"Minnow",NA,NA,1.33333333333333,1.33333333333333,1
"411",4,6,2020,"Drayton Harbor","Core - Pillars","Male",54,"Green","No",2019,"Fukui",NA,NA,1.33333333333333,1.33333333333333,2
"412",4,6,2020,"Drayton Harbor","Core - Pillars","Male",51,"Green","No",2019,"Minnow",NA,NA,1.33333333333333,1.33333333333333,2
"413",4,6,2020,"Drayton Harbor","Core - Pillars","Male",53,"Green","No",2019,"Minnow",NA,NA,1.33333333333333,1.33333333333333,2
"414",4,6,2020,"Drayton Harbor","Core - Pillars","Female",50,"Light-Green","No",2019,"Minnow",NA,NA,1.33333333333333,1.33333333333333,1
"415",4,6,2020,"Drayton Harbor","Core - Pillars","Male",57,"Green","Yes",2019,"Fukui",NA,NA,1.33333333333333,1.33333333333333,2
"416",4,6,2020,"Drayton Harbor","Core - Pillars","Male",45,"Green","No",2019,"Minnow",NA,NA,1.33333333333333,1.33333333333333,2
"417",4,6,2020,"Drayton Harbor","Core - Pillars","Male",65,"Green","No",2019,"Fukui",NA,NA,1.33333333333333,1.33333333333333,2
"418",9,6,2020,"Drayton Harbor","Core - Pillars","Male",56,"Green","No",2019,"Fukui",NA,NA,1.33333333333333,1.33333333333333,2
"419",9,6,2020,"Drayton Harbor","Core - Pillars","Female",56.5,"Green","No",2019,"Minnow",NA,NA,1.33333333333333,1.33333333333333,1
"420",9,6,2020,"Drayton Harbor","Core - Pillars","Female",53,"Green","No",2019,"Minnow",NA,NA,1.33333333333333,1.33333333333333,1
"421",9,6,2020,"Drayton Harbor","Core - Pillars","Female",53,"Green/Dark-Green","No",2019,"Minnow",NA,NA,1.33333333333333,1.33333333333333,1
"422",9,6,2020,"Drayton Harbor","Core - Pillars","Female",71,"Dark-Green","No",2018,"Fukui",NA,NA,2.33333333333333,2.33333333333333,1
"423",9,6,2020,"Drayton Harbor","Core - Pillars","Male",66,"Green","No",2019,"Fukui",NA,NA,1.33333333333333,1.33333333333333,2
"424",9,6,2020,"Drayton Harbor","Core - Pillars","Male",63,"Green","No",2019,"Fukui",NA,NA,1.33333333333333,1.33333333333333,2
"425",9,6,2020,"Drayton Harbor","Core - Pillars","Male",58,"Green","No",2019,"Fukui",NA,NA,1.33333333333333,1.33333333333333,2
"426",9,6,2020,"Drayton Harbor","Core - Pillars","Female",53,"Green","No",2019,"Fukui",NA,NA,1.33333333333333,1.33333333333333,1
"427",10,6,2020,"Drayton Harbor","Core - Pillars","Male",59,"Green","No",2019,"Fukui",NA,NA,1.33333333333333,1.33333333333333,2
"428",10,6,2020,"Drayton Harbor","Core - Pillars","Male",63,"Green","No",2019,"Fukui",NA,NA,1.33333333333333,1.33333333333333,2
"429",10,6,2020,"Drayton Harbor","Core - California Creek","Male",50,"Green","No",2019,"Fukui",NA,NA,1.33333333333333,1.33333333333333,2
"430",11,6,2020,"Drayton Harbor","Core - Pillars","Female",49,"Red/Orange","No",2019,"Fukui",NA,NA,1.33333333333333,1.33333333333333,1
"431",11,6,2020,"Drayton Harbor","Core - Pillars","Female",53,"Green","No",2019,"Minnow",NA,NA,1.33333333333333,1.33333333333333,1
"432",11,6,2020,"Drayton Harbor","Core - Pillars","Male",57,"Green","No",2019,"Fukui",NA,NA,1.33333333333333,1.33333333333333,2
"433",11,6,2020,"Drayton Harbor","Core - Pillars","Female",50,"Light-Green","No",2019,"Minnow",NA,NA,1.33333333333333,1.33333333333333,1
"434",12,6,2020,"Drayton Harbor","Core - Pillars","Male",48,"Green","No",2019,"Fukui",NA,NA,1.33333333333333,1.33333333333333,2
"435",18,6,2020,"Drayton Harbor","Core - Pillars","Female",49,"Green","No",2019,"Fukui",NA,NA,1.33333333333333,1.33333333333333,1
"436",18,6,2020,"Drayton Harbor","Core - Pillars","Female",55,"Green","No",2019,"Fukui",NA,NA,1.33333333333333,1.33333333333333,1
"437",18,6,2020,"Drayton Harbor","Core - Pillars","Female",57,"Green","No",2019,"Fukui",NA,NA,1.33333333333333,1.33333333333333,1
"438",18,6,2020,"Drayton Harbor","Core - Pillars","Male",65,"Green","No",2019,"Fukui",NA,NA,1.33333333333333,1.33333333333333,2
"439",18,6,2020,"Drayton Harbor","Core - Pillars","Female",62,"Green","No",2019,"Fukui",NA,NA,1.33333333333333,1.33333333333333,1
"440",18,6,2020,"Drayton Harbor","Core - Pillars","Male",60.5,"Green","No",2019,"Fukui",NA,NA,1.33333333333333,1.33333333333333,2
"441",18,6,2020,"Drayton Harbor","Core - Pillars","Male",65,"Green","No",2019,"Fukui",NA,NA,1.33333333333333,1.33333333333333,2
"442",18,6,2020,"Drayton Harbor","Core - Pillars","Male",54,"Yellow","No",2019,"Minnow",NA,NA,1.33333333333333,1.33333333333333,2
"443",23,6,2020,"Drayton Harbor","Core - Pillars","Female",51,"Green","No",2019,"Minnow",NA,NA,1.33333333333333,1.33333333333333,1
"444",23,6,2020,"Drayton Harbor","Core - Pillars","Male",53,"Yellow","No",2019,"Minnow",NA,NA,1.33333333333333,1.33333333333333,2
"445",23,6,2020,"Drayton Harbor","Core - Pillars","Female",49.5,"Green","No",2019,"Minnow",NA,NA,1.33333333333333,1.33333333333333,1
"446",23,6,2020,"Drayton Harbor","Index - CC - Mouth","Female",50,"Green","No",2019,"Fukui",NA,NA,1.33333333333333,1.33333333333333,1
"447",25,6,2020,"Drayton Harbor","Core - Pillars","Male",87,"Yellow","No",2018,"Fukui",NA,NA,2.33333333333333,2.33333333333333,2
"448",25,6,2020,"Drayton Harbor","Prospecting - Pillars","Female",49.5,"Green","No",2019,"Minnow",NA,NA,1.33333333333333,1.33333333333333,1
"449",26,6,2020,"Drayton Harbor","Core - Pillars","Male",49,"Green","No",2019,"Minnow",NA,NA,1.33333333333333,1.33333333333333,2
"450",7,7,2020,"Drayton Harbor","Prospecting - Pillars","Female",58,"Green","No",2019,"Fukui",NA,NA,1.44444444444444,1.41666666666667,1
"451",7,7,2020,"Drayton Harbor","Core - California Creek","Male",57,"Yellow","No",2019,"Fukui",NA,NA,1.44444444444444,1.41666666666667,2
"452",9,7,2020,"Drayton Harbor","Core - Pillars","Female",48,"Orange","No",2019,"Fukui",NA,NA,1.44444444444444,1.41666666666667,1
"453",9,7,2020,"Drayton Harbor","Prospecting - Pillars","Male",56.5,"Light-Orange","No",2019,"Fukui",NA,NA,1.44444444444444,1.41666666666667,2
"454",15,7,2020,"Drayton Harbor","Core - Pillars","Female",51,"Green","No",2019,"Fukui",NA,NA,1.44444444444444,1.41666666666667,1
"455",15,7,2020,"Drayton Harbor","Core - Pillars","Female",62,"Green","No",2019,"Fukui",NA,NA,1.44444444444444,1.41666666666667,1
"456",21,7,2020,"Drayton Harbor","Index - DC - Mouth","Male",64,"Red/Orange","Yes",2019,"Fukui",NA,NA,1.44444444444444,1.41666666666667,2
"457",23,7,2020,"Drayton Harbor","Core - California Creek","Female",56.5,"Yellow","No",2019,"Fukui",NA,NA,1.44444444444444,1.41666666666667,1
"458",24,7,2020,"Drayton Harbor","Core - California Creek","Female",60,"Yellow","No",2019,"Hand",NA,NA,1.44444444444444,1.41666666666667,1
"459",24,7,2020,"Drayton Harbor","Core - California Creek","Male",65,"Green","No",2019,"Hand",NA,NA,1.44444444444444,1.41666666666667,2
"460",4,8,2020,"Drayton Harbor","Core - Pillars","Male",75,"Orange","No",2019,"Fukui",NA,NA,1.55555555555556,1.5,2
"461",4,8,2020,"Drayton Harbor","Core - Pillars","Male",61,"Orange","No",2019,"Fukui",NA,NA,1.55555555555556,1.5,2
"462",4,8,2020,"Drayton Harbor","Core - Pillars","Male",69,"Yellow","No",2019,"Fukui",NA,NA,1.55555555555556,1.5,2
"463",4,8,2020,"Drayton Harbor","Core - Pillars","Male",57,"Yellow","No",2019,"Fukui",NA,NA,1.55555555555556,1.5,2
"464",5,8,2020,"Drayton Harbor","Core - Pillars","Male",71,"Yellow","No",2019,"Fukui",NA,NA,1.55555555555556,1.5,2
"465",6,8,2020,"Drayton Harbor","Core - Pillars","Female",58,"Green","No",2019,"Fukui",NA,NA,1.55555555555556,1.5,1
"466",6,8,2020,"Drayton Harbor","Core - Pillars","Male",56,"Yellow","No",2019,"Fukui",NA,NA,1.55555555555556,1.5,2
"467",7,8,2020,"Drayton Harbor","Core - Pillars","Female",53,"Light-Orange","No",2019,"Fukui",NA,NA,1.55555555555556,1.5,1
"468",14,8,2020,"Drayton Harbor","Core - Pillars","Male",59.5,"Orange","Yes",2019,"Fukui",NA,NA,1.55555555555556,1.5,2
"469",14,8,2020,"Drayton Harbor","Core - Pillars","Male",57,"Orange","No",2019,"Fukui",NA,NA,1.55555555555556,1.5,2
"470",14,8,2020,"Drayton Harbor","Core - Pillars","Male",63,"Yellow","No",2019,"Fukui",NA,NA,1.55555555555556,1.5,2
"471",14,8,2020,"Drayton Harbor","Core - Pillars","Male",71,"Green","No",2019,"Fukui",NA,NA,1.55555555555556,1.5,2
"472",18,8,2020,"Drayton Harbor","Core - Pillars","Male",75,"Light-Green","No",2019,"Fukui",NA,NA,1.55555555555556,1.5,2
"473",18,8,2020,"Drayton Harbor","Core - California Creek","Male",32,"Green","No",2020,"Fukui",NA,NA,0.555555555555556,0.5,2
"474",18,8,2020,"Drayton Harbor","Core - California Creek","Male",62,"Orange","No",2019,"Fukui",NA,NA,1.55555555555556,1.5,2
"475",19,8,2020,"Drayton Harbor","Core - Pillars","Male",72.5,"Orange","No",2019,"Fukui",NA,NA,1.55555555555556,1.5,2
"476",19,8,2020,"Drayton Harbor","Index - DC - Mouth","Female",76,"Green","No",2019,"Fukui",NA,NA,1.55555555555556,1.5,1
"477",20,8,2020,"Drayton Harbor","Core - Pillars","Male",81,"Red/Orange","Yes",2019,"Fukui",NA,NA,1.55555555555556,1.5,2
"478",21,8,2020,"Drayton Harbor","Core - Pillars","Male",71,"Orange","No",2019,"Fukui",NA,NA,1.55555555555556,1.5,2
"479",21,8,2020,"Drayton Harbor","Prospecting - Pillars","Female",56,"Green","No",2019,"Fukui",NA,NA,1.55555555555556,1.5,1
"480",28,8,2020,"Drayton Harbor","Core - Pillars","Male",63,"Orange","No",2019,"Fukui",NA,NA,1.55555555555556,1.5,2
"481",1,9,2020,"Drayton Harbor","Core - Pillars","Female",53,"Red/Orange","No",2019,"Minnow",NA,NA,1.66666666666667,1.58333333333333,1
"482",1,9,2020,"Drayton Harbor","Core - Pillars","Female",67.5,"Green","No",2019,"Fukui",NA,NA,1.66666666666667,1.58333333333333,1
"483",1,9,2020,"Drayton Harbor","Core - Pillars","Female",61,"Green","No",2019,"Fukui",NA,NA,1.66666666666667,1.58333333333333,1
"484",1,9,2020,"Drayton Harbor","Prospecting - Dakota Creek","Female",36,"Green","No",2020,"Minnow",NA,NA,0.666666666666667,0.583333333333333,1
"485",1,9,2020,"Drayton Harbor","Prospecting - Dakota Creek","Female",60,"Green","No",2019,"Fukui",NA,NA,1.66666666666667,1.58333333333333,1
"486",1,9,2020,"Drayton Harbor","Prospecting - Dakota Creek","Male",67,"Orange","Yes",2019,"Fukui",NA,NA,1.66666666666667,1.58333333333333,2
"487",1,9,2020,"Drayton Harbor","Prospecting - Dakota Creek","Female",76,"Green","No",2019,"Fukui",NA,NA,1.66666666666667,1.58333333333333,1
"488",1,9,2020,"Drayton Harbor","Prospecting - Dakota Creek","Male",70,"Yellow","No",2019,"Fukui",NA,NA,1.66666666666667,1.58333333333333,2
"489",1,9,2020,"Drayton Harbor","Prospecting - Dakota Creek","Female",74,"Yellow","No",2019,"Fukui",NA,NA,1.66666666666667,1.58333333333333,1
"490",1,9,2020,"Drayton Harbor","Prospecting - Dakota Creek","Female",65,"Yellow","No",2019,"Fukui",NA,NA,1.66666666666667,1.58333333333333,1
"491",1,9,2020,"Drayton Harbor","Prospecting - Dakota Creek","Female",62,"Green","No",2019,"Fukui",NA,NA,1.66666666666667,1.58333333333333,1
"492",1,9,2020,"Drayton Harbor","Prospecting - Dakota Creek","Female",58.5,"Yellow","No",2019,"Fukui",NA,NA,1.66666666666667,1.58333333333333,1
"493",1,9,2020,"Drayton Harbor","Prospecting - Dakota Creek","Female",72.5,"Red","Yes",2019,"Fukui",NA,NA,1.66666666666667,1.58333333333333,1
"494",2,9,2020,"Drayton Harbor","Core - California Creek","Male",40.5,"Green","No",2020,"Fukui",NA,NA,0.666666666666667,0.583333333333333,2
"495",2,9,2020,"Drayton Harbor","Core - California Creek","Female",36,"Green","No",2020,"Fukui",NA,NA,0.666666666666667,0.583333333333333,1
"496",2,9,2020,"Drayton Harbor","Prospecting - Dakota Creek","Female",74,"Red/Orange","Yes",2019,"Fukui",NA,NA,1.66666666666667,1.58333333333333,1
"497",2,9,2020,"Drayton Harbor","Prospecting - Dakota Creek","Female",64,"Green","No",2019,"Fukui",NA,NA,1.66666666666667,1.58333333333333,1
"498",2,9,2020,"Drayton Harbor","Prospecting - Dakota Creek","Female",58,"Green","No",2019,"Fukui",NA,NA,1.66666666666667,1.58333333333333,1
"499",2,9,2020,"Drayton Harbor","Prospecting - Dakota Creek","Female",69,"Green","No",2019,"Fukui",NA,NA,1.66666666666667,1.58333333333333,1
"500",2,9,2020,"Drayton Harbor","Prospecting - Dakota Creek","Female",60,"Yellow","No",2019,"Fukui",NA,NA,1.66666666666667,1.58333333333333,1
"501",2,9,2020,"Drayton Harbor","Prospecting - Dakota Creek","Female",61,"Light-Orange","No",2019,"Fukui",NA,NA,1.66666666666667,1.58333333333333,1
"502",2,9,2020,"Drayton Harbor","Prospecting - Dakota Creek","Female",63,"Green","No",2019,"Fukui",NA,NA,1.66666666666667,1.58333333333333,1
"503",3,9,2020,"Drayton Harbor","Prospecting - Dakota Creek","Male",32.5,"Green","No",2020,"Fukui",NA,NA,0.666666666666667,0.583333333333333,2
"504",3,9,2020,"Drayton Harbor","Prospecting - Dakota Creek","Female",60,"Green","No",2019,"Fukui",NA,NA,1.66666666666667,1.58333333333333,1
"505",3,9,2020,"Drayton Harbor","Prospecting - Dakota Creek","Female",58,"Orange","No",2019,"Fukui",NA,NA,1.66666666666667,1.58333333333333,1
"506",3,9,2020,"Drayton Harbor","Prospecting - Dakota Creek","Male",33,"Green","No",2020,"Minnow",NA,NA,0.666666666666667,0.583333333333333,2
"507",3,9,2020,"Drayton Harbor","Prospecting - Dakota Creek","Male",44,"Light-Green","No",2020,"Minnow",NA,NA,0.666666666666667,0.583333333333333,2
"508",3,9,2020,"Drayton Harbor","Prospecting - Dakota Creek","Male",39,"Green","No",2020,"Minnow",NA,NA,0.666666666666667,0.583333333333333,2
"509",3,9,2020,"Drayton Harbor","Prospecting - Dakota Creek","Female",71,"Red","Yes",2019,"Fukui",NA,NA,1.66666666666667,1.58333333333333,1
"510",3,9,2020,"Drayton Harbor","Prospecting - Dakota Creek","Male",59,"Yellow","No",2019,"Fukui",NA,NA,1.66666666666667,1.58333333333333,2
"511",3,9,2020,"Drayton Harbor","Prospecting - Dakota Creek","Male",33,"Light-Green","No",2020,"Fukui",NA,NA,0.666666666666667,0.583333333333333,2
"512",3,9,2020,"Drayton Harbor","Prospecting - Dakota Creek","Male",41.5,"Green","No",2020,"Fukui",NA,NA,0.666666666666667,0.583333333333333,2
"513",3,9,2020,"Drayton Harbor","Prospecting - Dakota Creek","Male",36.5,"Green","No",2020,"Fukui",NA,NA,0.666666666666667,0.583333333333333,2
"514",15,9,2020,"Drayton Harbor","Core - Pillars","Male",31,"Green","No",2020,"Minnow",NA,NA,0.666666666666667,0.583333333333333,2
"515",15,9,2020,"Drayton Harbor","Core - Pillars","Male",30.5,"Green","No",2020,"Minnow",NA,NA,0.666666666666667,0.583333333333333,2
"516",15,9,2020,"Drayton Harbor","Core - Pillars","Male",34,"Green","No",2020,"Minnow",NA,NA,0.666666666666667,0.583333333333333,2
"517",15,9,2020,"Drayton Harbor","Prospecting - Dakota Creek","Female",69,"Green","No",2019,"Fukui",NA,NA,1.66666666666667,1.58333333333333,1
"518",15,9,2020,"Drayton Harbor","Prospecting - Dakota Creek","Female",61.5,"Orange","No",2019,"Fukui",NA,NA,1.66666666666667,1.58333333333333,1
"519",15,9,2020,"Drayton Harbor","Prospecting - Dakota Creek","Male",33,"Green","No",2020,"Minnow",NA,NA,0.666666666666667,0.583333333333333,2
"520",15,9,2020,"Drayton Harbor","Prospecting - Dakota Creek","Female",60,"Green","No",2019,"Fukui",NA,NA,1.66666666666667,1.58333333333333,1
"521",15,9,2020,"Drayton Harbor","Prospecting - Dakota Creek","Male",70.5,"Red/Orange","No",2019,"Fukui",NA,NA,1.66666666666667,1.58333333333333,2
"522",15,9,2020,"Drayton Harbor","Prospecting - Dakota Creek","Male",81,"Yellow","No",2019,"Fukui",NA,NA,1.66666666666667,1.58333333333333,2
"523",15,9,2020,"Drayton Harbor","Prospecting - Dakota Creek","Male",65,"Orange","No",2019,"Fukui",NA,NA,1.66666666666667,1.58333333333333,2
"524",15,9,2020,"Drayton Harbor","Prospecting - Dakota Creek","Male",70,"Yellow","No",2019,"Fukui",NA,NA,1.66666666666667,1.58333333333333,2
"525",15,9,2020,"Drayton Harbor","Prospecting - Dakota Creek","Male",68,"Orange","No",2019,"Fukui",NA,NA,1.66666666666667,1.58333333333333,2
"526",15,9,2020,"Drayton Harbor","Prospecting - Dakota Creek","Male",66,"Red/Orange","No",2019,"Fukui",NA,NA,1.66666666666667,1.58333333333333,2
"527",15,9,2020,"Drayton Harbor","Prospecting - Dakota Creek","Female",41.5,"Green","No",2020,"Minnow",NA,NA,0.666666666666667,0.583333333333333,1
"528",15,9,2020,"Drayton Harbor","Prospecting - Dakota Creek","Female",63,"Orange","No",2019,"Fukui",NA,NA,1.66666666666667,1.58333333333333,1
"529",15,9,2020,"Drayton Harbor","Prospecting - Dakota Creek","Male",77,"Light-Green","No",2019,"Fukui",NA,NA,1.66666666666667,1.58333333333333,2
"530",15,9,2020,"Drayton Harbor","Prospecting - Dakota Creek","Female",64,"Red/Orange","No",2019,"Fukui",NA,NA,1.66666666666667,1.58333333333333,1
"531",15,9,2020,"Drayton Harbor","Prospecting - Dakota Creek","Male",68,"Orange","No",2019,"Fukui",NA,NA,1.66666666666667,1.58333333333333,2
"532",15,9,2020,"Drayton Harbor","Prospecting - Dakota Creek","Female",72,"Green","No",2019,"Fukui",NA,NA,1.66666666666667,1.58333333333333,1
"533",15,9,2020,"Drayton Harbor","Prospecting - Dakota Creek","Male",42,"Yellow","No",2020,"Minnow",NA,NA,0.666666666666667,0.583333333333333,2
"534",15,9,2020,"Drayton Harbor","Prospecting - Dakota Creek","Male",40.5,"Green","No",2020,"Minnow",NA,NA,0.666666666666667,0.583333333333333,2
"535",15,9,2020,"Drayton Harbor","Prospecting - Dakota Creek","Male",42,"Green","No",2020,"Minnow",NA,NA,0.666666666666667,0.583333333333333,2
"536",15,9,2020,"Drayton Harbor","Prospecting - Dakota Creek","Male",39,"Green","No",2020,"Minnow",NA,NA,0.666666666666667,0.583333333333333,2
"537",15,9,2020,"Drayton Harbor","Prospecting - Dakota Creek","Male",44,"Green","No",2020,"Minnow",NA,NA,0.666666666666667,0.583333333333333,2
"538",15,9,2020,"Drayton Harbor","Prospecting - Dakota Creek","Female",60,"Green","No",2019,"Fukui",NA,NA,1.66666666666667,1.58333333333333,1
"539",15,9,2020,"Drayton Harbor","Prospecting - Dakota Creek","Female",62,"Green","No",2019,"Fukui",NA,NA,1.66666666666667,1.58333333333333,1
"540",15,9,2020,"Drayton Harbor","Prospecting - Dakota Creek","Female",68.5,"Red/Orange","No",2019,"Fukui",NA,NA,1.66666666666667,1.58333333333333,1
"541",15,9,2020,"Drayton Harbor","Prospecting - Dakota Creek","Female",33,"Green","No",2020,"Fukui",NA,NA,0.666666666666667,0.583333333333333,1
"542",15,9,2020,"Drayton Harbor","Prospecting - Dakota Creek","Male",41,"Green","No",2020,"Minnow",NA,NA,0.666666666666667,0.583333333333333,2
"543",15,9,2020,"Drayton Harbor","Prospecting - Dakota Creek","Male",41.5,"Green","No",2020,"Minnow",NA,NA,0.666666666666667,0.583333333333333,2
"544",15,9,2020,"Drayton Harbor","Prospecting - Dakota Creek","Female",47,"Green","No",2020,"Minnow",NA,NA,0.666666666666667,0.583333333333333,1
"545",15,9,2020,"Drayton Harbor","Prospecting - Dakota Creek","Male",43,"Yellow","No",2020,"Minnow",NA,NA,0.666666666666667,0.583333333333333,2
"546",15,9,2020,"Drayton Harbor","Prospecting - Dakota Creek","Female",34,"Green","No",2020,"Minnow",NA,NA,0.666666666666667,0.583333333333333,1
"547",15,9,2020,"Drayton Harbor","Prospecting - Dakota Creek","Female",71,"Orange","No",2019,"Fukui",NA,NA,1.66666666666667,1.58333333333333,1
"548",15,9,2020,"Drayton Harbor","Prospecting - Dakota Creek","Female",63,"Orange","No",2019,"Fukui",NA,NA,1.66666666666667,1.58333333333333,1
"549",15,9,2020,"Drayton Harbor","Prospecting - Dakota Creek","Male",69,"Red/Orange","No",2019,"Fukui",NA,NA,1.66666666666667,1.58333333333333,2
"550",15,9,2020,"Drayton Harbor","Prospecting - Dakota Creek","Male",67,"Orange","No",2019,"Fukui",NA,NA,1.66666666666667,1.58333333333333,2
"551",15,9,2020,"Drayton Harbor","Core - California Creek","Female",43.5,"Green","No",2020,"Fukui",NA,NA,0.666666666666667,0.583333333333333,1
"552",15,9,2020,"Drayton Harbor","Core - California Creek","Male",41,"Green","No",2020,"Fukui",NA,NA,0.666666666666667,0.583333333333333,2
"553",15,9,2020,"Drayton Harbor","Core - California Creek","Female",39,"Green","No",2020,"Fukui",NA,NA,0.666666666666667,0.583333333333333,1
"554",15,9,2020,"Drayton Harbor","Core - California Creek","Female",32,"Green","No",2020,"Fukui",NA,NA,0.666666666666667,0.583333333333333,1
"555",16,9,2020,"Drayton Harbor","Index - DC - Mouth","Female",40.5,"Green","No",2020,"Minnow",NA,NA,0.666666666666667,0.583333333333333,1
"556",16,9,2020,"Drayton Harbor","Index - DC - Mouth","Male",41.5,"Green","No",2020,"Minnow",NA,NA,0.666666666666667,0.583333333333333,2
"557",16,9,2020,"Drayton Harbor","Prospecting - Dakota Creek","Female",61,"Orange","No",2019,"Fukui",NA,NA,1.66666666666667,1.58333333333333,1
"558",16,9,2020,"Drayton Harbor","Prospecting - Dakota Creek","Female",41,"Green","No",2020,"Minnow",NA,NA,0.666666666666667,0.583333333333333,1
"559",16,9,2020,"Drayton Harbor","Prospecting - Dakota Creek","Female",39,"Green","No",2020,"Minnow",NA,NA,0.666666666666667,0.583333333333333,1
"560",16,9,2020,"Drayton Harbor","Prospecting - Dakota Creek","Female",68,"Green","No",2019,"Fukui",NA,NA,1.66666666666667,1.58333333333333,1
"561",16,9,2020,"Drayton Harbor","Prospecting - Dakota Creek","Female",65,"Green","No",2019,"Fukui",NA,NA,1.66666666666667,1.58333333333333,1
"562",16,9,2020,"Drayton Harbor","Prospecting - Dakota Creek","Female",37,"Green","No",2020,"Fukui",NA,NA,0.666666666666667,0.583333333333333,1
"563",16,9,2020,"Drayton Harbor","Prospecting - Dakota Creek","Female",53.5,"Red/Orange","No",2019,"Fukui",NA,NA,1.66666666666667,1.58333333333333,1
"564",16,9,2020,"Drayton Harbor","Prospecting - Dakota Creek","Male",44,"Green","No",2020,"Minnow",NA,NA,0.666666666666667,0.583333333333333,2
"565",16,9,2020,"Drayton Harbor","Prospecting - Dakota Creek","Female",42,"Green","No",2020,"Minnow",NA,NA,0.666666666666667,0.583333333333333,1
"566",16,9,2020,"Drayton Harbor","Prospecting - Dakota Creek","Female",43,"Green","No",2020,"Minnow",NA,NA,0.666666666666667,0.583333333333333,1
"567",16,9,2020,"Drayton Harbor","Prospecting - Dakota Creek","Male",67,"Orange","No",2019,"Fukui",NA,NA,1.66666666666667,1.58333333333333,2
"568",16,9,2020,"Drayton Harbor","Prospecting - Dakota Creek","Female",65,"Green","No",2019,"Fukui",NA,NA,1.66666666666667,1.58333333333333,1
"569",16,9,2020,"Drayton Harbor","Index - CC - Graveyard","Male",37,"Yellow","No",2020,"Fukui",NA,NA,0.666666666666667,0.583333333333333,2
"570",16,9,2020,"Drayton Harbor","Index - CC - Bridge Way","Male",42,"Light-Green","No",2020,"Minnow",NA,NA,0.666666666666667,0.583333333333333,2
"571",16,9,2020,"Drayton Harbor","Index - CC - Bridge Way","Female",45,"Green","No",2020,"Minnow",NA,NA,0.666666666666667,0.583333333333333,1
"572",29,9,2020,"Drayton Harbor","Core - Pillars","Female",61,"Green","No",2019,"Fukui",NA,NA,1.66666666666667,1.58333333333333,1
"573",29,9,2020,"Drayton Harbor","Core - Pillars","Female",37.5,"Green","No",2020,"Minnow",NA,NA,0.666666666666667,0.583333333333333,1
"574",29,9,2020,"Drayton Harbor","Core - Pillars","Female",32,"Green","No",2020,"Minnow",NA,NA,0.666666666666667,0.583333333333333,1
"575",29,9,2020,"Drayton Harbor","Core - Pillars","Male",41,"Green","No",2020,"Minnow",NA,NA,0.666666666666667,0.583333333333333,2
"576",29,9,2020,"Drayton Harbor","Core - Pillars","Female",35.5,"Green","No",2020,"Minnow",NA,NA,0.666666666666667,0.583333333333333,1
"577",29,9,2020,"Drayton Harbor","Core - Pillars","Female",61.5,"Green","No",2019,"Fukui",NA,NA,1.66666666666667,1.58333333333333,1
"578",29,9,2020,"Drayton Harbor","Core - California Creek","Male",70,"Orange","No",2019,"Fukui",NA,NA,1.66666666666667,1.58333333333333,2
"579",29,9,2020,"Drayton Harbor","Core - California Creek","Male",48.5,"Yellow","No",2020,"Fukui",NA,NA,0.666666666666667,0.583333333333333,2
"580",29,9,2020,"Drayton Harbor","Core - California Creek","Female",37.5,"Green","No",2020,"Fukui",NA,NA,0.666666666666667,0.583333333333333,1
"581",29,9,2020,"Drayton Harbor","Prospecting - California Creek","Female",44,"Green","No",2020,"Minnow",NA,NA,0.666666666666667,0.583333333333333,1
"582",29,9,2020,"Drayton Harbor","Prospecting - California Creek","Female",48,"Light-Green","No",2020,"Minnow",NA,NA,0.666666666666667,0.583333333333333,1
"583",30,9,2020,"Drayton Harbor","Core - Pillars","Female",27.5,"Green","No",2020,"Minnow",NA,NA,0.666666666666667,0.583333333333333,1
"584",30,9,2020,"Drayton Harbor","Core - Pillars","Male",42,"Green","No",2020,"Minnow",NA,NA,0.666666666666667,0.583333333333333,2
"585",30,9,2020,"Drayton Harbor","Prospecting - Dakota Creek","Female",50.5,"Green","No",2020,"Minnow",NA,NA,0.666666666666667,0.583333333333333,1
"586",30,9,2020,"Drayton Harbor","Prospecting - California Creek","Male",41,"Green","No",2020,"Minnow",NA,NA,0.666666666666667,0.583333333333333,2
"587",30,9,2020,"Drayton Harbor","Core - California Creek","Female",28,"Yellow","No",2020,"Fukui",NA,NA,0.666666666666667,0.583333333333333,1
"588",13,10,2020,"Drayton Harbor","Index - CC - Bridge Way","Female",50,"Light-Green","No",2020,"Fukui",NA,NA,0.777777777777778,0.666666666666667,1
"589",13,10,2020,"Drayton Harbor","Core - Jetty","Male",38,"Green","No",2020,"Fukui",NA,NA,0.777777777777778,0.666666666666667,2
"590",13,10,2020,"Drayton Harbor","Core - Pillars","Female",45,"Green","No",2020,"Minnow",NA,NA,0.777777777777778,0.666666666666667,1
"591",13,10,2020,"Drayton Harbor","Core - Pillars","Female",37,"Green","No",2020,"Minnow",NA,NA,0.777777777777778,0.666666666666667,1
"592",13,10,2020,"Drayton Harbor","Core - Pillars","Male",46,"Yellow","No",2020,"Minnow",NA,NA,0.777777777777778,0.666666666666667,2
"593",13,10,2020,"Drayton Harbor","Core - Pillars","Female",33,"Green","No",2020,"Minnow",NA,NA,0.777777777777778,0.666666666666667,1
"594",13,10,2020,"Drayton Harbor","Core - Pillars","Male",34,"Green","No",2020,"Minnow",NA,NA,0.777777777777778,0.666666666666667,2
"595",13,10,2020,"Drayton Harbor","Core - Pillars","Male",44,"Green","No",2020,"Minnow",NA,NA,0.777777777777778,0.666666666666667,2
"596",13,10,2020,"Drayton Harbor","Core - Pillars","Male",48.5,"Green","No",2020,"Minnow",NA,NA,0.777777777777778,0.666666666666667,2
"597",13,10,2020,"Drayton Harbor","Core - Pillars","Female",62,"Green","No",2019,"Fukui",NA,NA,1.77777777777778,1.66666666666667,1
"598",13,10,2020,"Drayton Harbor","Core - Pillars","Female",39,"Green","No",2020,"Minnow",NA,NA,0.777777777777778,0.666666666666667,1
"599",13,10,2020,"Drayton Harbor","Core - Pillars","Male",39,"Green","No",2020,"Minnow",NA,NA,0.777777777777778,0.666666666666667,2
"600",13,10,2020,"Drayton Harbor","Core - California Creek","Female",66,"Green","No",2019,"Fukui",NA,NA,1.77777777777778,1.66666666666667,1
"601",14,10,2020,"Drayton Harbor","Core - Pillars","Male",50,"Green","No",2020,"Minnow",NA,NA,0.777777777777778,0.666666666666667,2
"602",14,10,2020,"Drayton Harbor","Core - Pillars","Male",50,"Green","No",2020,"Minnow",NA,NA,0.777777777777778,0.666666666666667,2
"603",14,10,2020,"Drayton Harbor","Core - Pillars","Female",54,"Orange","No",2020,"Minnow",NA,NA,0.777777777777778,0.666666666666667,1
"604",14,10,2020,"Drayton Harbor","Core - Pillars","Male",50,"Green","No",2020,"Minnow",NA,NA,0.777777777777778,0.666666666666667,2
"605",14,10,2020,"Drayton Harbor","Core - Pillars","Female",42.5,"Green","No",2020,"Minnow",NA,NA,0.777777777777778,0.666666666666667,1
"606",14,10,2020,"Drayton Harbor","Core - Pillars","Female",56,"Orange","No",2019,"Fukui",NA,NA,1.77777777777778,1.66666666666667,1
"607",14,10,2020,"Drayton Harbor","Core - Pillars","Female",43,"Green","No",2020,"Minnow",NA,NA,0.777777777777778,0.666666666666667,1
"608",14,10,2020,"Drayton Harbor","Core - California Creek","Male",66,"Orange","No",2019,"Fukui",NA,NA,1.77777777777778,1.66666666666667,2
"609",14,10,2020,"Drayton Harbor","Index - DC - Mouth","Male",64,"Red/Orange","No",2019,"Fukui",NA,NA,1.77777777777778,1.66666666666667,2
"610",14,10,2020,"Drayton Harbor","Index - DC - Mouth","Male",48,"Green","No",2020,"Minnow",NA,NA,0.777777777777778,0.666666666666667,2
"611",15,10,2020,"Drayton Harbor","Core - Pillars","Male",39,"Light-Green","No",2020,"Minnow",NA,NA,0.777777777777778,0.666666666666667,2
"612",15,10,2020,"Drayton Harbor","Core - Pillars","Female",53,"Orange","No",2020,"Fukui",NA,NA,0.777777777777778,0.666666666666667,1
"613",15,10,2020,"Drayton Harbor","Core - Pillars","Female",66,"Green","No",2019,"Fukui",NA,NA,1.77777777777778,1.66666666666667,1
"614",15,10,2020,"Drayton Harbor","Core - Pillars","Male",44,"Green","No",2020,"Minnow",NA,NA,0.777777777777778,0.666666666666667,2
"615",15,10,2020,"Drayton Harbor","Core - Pillars","Male",39,"Light-Green","No",2020,"Fukui",NA,NA,0.777777777777778,0.666666666666667,2
"616",15,10,2020,"Drayton Harbor","Core - Pillars","Female",59,"Orange","No",2019,"Fukui",NA,NA,1.77777777777778,1.66666666666667,1
"617",15,10,2020,"Drayton Harbor","Core - Pillars","Female",61,"Orange","No",2019,"Fukui",NA,NA,1.77777777777778,1.66666666666667,1
"618",15,10,2020,"Drayton Harbor","Core - Pillars","Female",44,"Green","No",2020,"Fukui",NA,NA,0.777777777777778,0.666666666666667,1
"619",15,10,2020,"Drayton Harbor","Core - Pillars","Male",44,"Light-Green","No",2020,"Fukui",NA,NA,0.777777777777778,0.666666666666667,2
"620",15,10,2020,"Drayton Harbor","Core - Pillars","Male",73,"Yellow","No",2019,"Fukui",NA,NA,1.77777777777778,1.66666666666667,2
"621",15,10,2020,"Drayton Harbor","Prospecting - Willse's/DNR West","Male",43,"Light-Green","No",2020,"Minnow",NA,NA,0.777777777777778,0.666666666666667,2
"622",NA,8,2000,"Nootka Sound","Bligh Island","Male",61,"","",1999,"",NA,NA,1.55555555555556,1.5,2
"623",NA,8,2001,"Little Espinosa Inlet","Esperanza Inlet","Male",73,"","",1999,"",NA,NA,2.55555555555556,2.5,2
"624",NA,8,2001,"Little Espinosa Inlet","Esperanza Inlet","Male",79,"","",1999,"",NA,NA,2.55555555555556,2.5,2
"625",NA,8,2001,"Little Espinosa Inlet","Esperanza Inlet","Male",81,"","",1999,"",NA,NA,2.55555555555556,2.5,2
"626",NA,6,2007,"Klaskino Inlet","","Female",68,"","",2005,"",NA,NA,2.33333333333333,2.33333333333333,1
"627",NA,6,2011,"Gale Passage","","Male",65,"","",2010,"",NA,NA,1.33333333333333,1.33333333333333,2
"628",NA,6,2011,"Gale Passage","","Female",63,"","",2010,"",NA,NA,1.33333333333333,1.33333333333333,1
"629",NA,5,2015,"Kildidt Inlet","","Female",72,"","",2013,"",NA,NA,2.22222222222222,2.25,1
"630",NA,5,2015,"Kildidt Inlet","","Female",78,"","",2012,"",NA,NA,3.22222222222222,3.25,1
"631",NA,5,2016,"Higgins Passage","","Female",54,"","",2015,"",NA,NA,1.22222222222222,1.25,1
"633",NA,7,2020,"Daajing Giids","","Male",38,"","",2020,"",NA,NA,0.444444444444444,0.416666666666667,2
"634",NA,7,1999,"Price Bay","Esquimalt Harbour","Male",65,"","",1998,"",NA,NA,1.44444444444444,1.41666666666667,2
"635",NA,10,2017,"Becher Bay","","Male",71,"","",2016,"",NA,NA,1.77777777777778,1.66666666666667,2
"636",NA,10,2017,"Becher Bay","","Male",72,"","",2016,"",NA,NA,1.77777777777778,1.66666666666667,2
"637",NA,10,2017,"Becher Bay","","Male",74,"","",2016,"",NA,NA,1.77777777777778,1.66666666666667,2
"638",NA,7,1995,"Humboldt Bay","","Male",83,"","",1993,"",NA,NA,2.44444444444444,2.41666666666667,2
"639",NA,7,1995,"Humboldt Bay","","Male",88,"","",1993,"",NA,NA,2.44444444444444,2.41666666666667,2
"640",NA,3,1997,"Coos Bay","","Male",58,"","",1996,"",NA,NA,1,1.08333333333333,2
"641",NA,10,1997,"Coos Bay","","Male",87,"","",1995,"",NA,NA,2.77777777777778,2.66666666666667,2
"642",NA,11,1998,"Yaquina Bay","","Male",85,"","",1996,"",NA,NA,2.88888888888889,2.75,2
"643",NA,7,1999,"Barkley Sound","Useless Inlet","Male",75,"","",1998,"",NA,NA,1.44444444444444,1.41666666666667,2
"644",NA,7,1999,"Barkley Sound","Useless Inlet","Female",58,"","",1998,"",NA,NA,1.44444444444444,1.41666666666667,1
"645",NA,5,2000,"Clayoquot Sound","Lemmens Inlet","Male",55,"","",1999,"",NA,NA,1.22222222222222,1.25,2
"646",NA,10,2018,"Witty's Lagoon","","Male",72,"","",2016,"",NA,NA,2.77777777777778,2.66666666666667,2
"647",NA,6,2019,"Witty's Lagoon","","Male",82,"","",2016,"",NA,NA,3.33333333333333,3.33333333333333,2
"648",NA,6,2019,"Witty's Lagoon","","Male",92,"","",2016,"",NA,NA,3.33333333333333,3.33333333333333,2
"649",NA,4,2019,"Esquimalt Lagoon","","Female",66,"","",2017,"",NA,NA,2.11111111111111,2.16666666666667,1
"650",NA,5,2019,"Esquimalt Lagoon","","Female",77,"","",2017,"",NA,NA,2.22222222222222,2.25,1
"651",NA,9,2017,"Whidbey Island","Lagoon Point","Male",49,"","",2017,"",NA,NA,0.666666666666667,0.583333333333333,2
"652",NA,10,2017,"Whidbey Island","Lagoon Point","Male",51,"","",2017,"",NA,NA,0.777777777777778,0.666666666666667,2
"653",NA,6,2018,"Whidbey Island","Lagoon Point","Male",58,"","",2017,"",NA,NA,1.33333333333333,1.33333333333333,2
"654",NA,5,2019,"Sequim Bay","","Male",80,"","",2016,"",NA,NA,3.22222222222222,3.25,2
"655",NA,6,2019,"Sequim Bay","","Male",80,"","",2016,"",NA,NA,3.33333333333333,3.33333333333333,2
"656",NA,9,2019,"Sequim Bay","","Male",80,"","",2016,"",NA,NA,3.66666666666667,3.58333333333333,2
"657",NA,9,2018,"Scow Bay","","Male",62,"","",2017,"",NA,NA,1.66666666666667,1.58333333333333,2
"658",NA,9,2018,"Port Townshend Bay","","Male",77,"","",2016,"",NA,NA,2.66666666666667,2.58333333333333,2
"659",NA,8,2016,"Westcott Bay","","Male",74,"","",2015,"",NA,NA,1.55555555555556,1.5,2
"660",NA,7,2018,"Westcott Bay","","Male",69,"","",2017,"",NA,NA,1.44444444444444,1.41666666666667,2
"661",NA,7,2018,"Westcott Bay","","Female",58,"","",2017,"",NA,NA,1.44444444444444,1.41666666666667,1
"662",NA,8,2019,"Westcott Bay","","Male",64,"","",2018,"",NA,NA,1.55555555555556,1.5,2
"663",NA,4,2017,"Padilla Bay","","Male",47,"","",2016,"",NA,NA,1.11111111111111,1.16666666666667,2
"664",NA,1,2019,"Samish Bay","","Female",74,"","",2016,"",NA,NA,2.77777777777778,2.91666666666667,1
"665",NA,7,2019,"Bellingham","Mud Bay","Male",78,"","",2017,"",NA,NA,2.44444444444444,2.41666666666667,2
"666",NA,7,2019,"Bellingham","Mud Bay","Male",80,"","",2017,"",NA,NA,2.44444444444444,2.41666666666667,2
"667",NA,7,2019,"Bellingham","Mud Bay","Female",46,"","",2018,"",NA,NA,1.44444444444444,1.41666666666667,1
"668",NA,7,2019,"Chuckanut Bay","","Male",78,"","",2017,"",NA,NA,2.44444444444444,2.41666666666667,2
"669",NA,4,2020,"Chuckanut Bay","","Male",43,"","",2019,"",NA,NA,1.11111111111111,1.16666666666667,2
"670",NA,7,2019,"Salt Spring Island","Booth Bay","Male",53,"","",2018,"",NA,NA,1.44444444444444,1.41666666666667,2
"671",NA,7,2019,"Salt Spring Island","Booth Bay","Male",70,"","",2018,"",NA,NA,1.44444444444444,1.41666666666667,2
"672",NA,10,2019,"Salt Spring Island","Booth Bay","Male",36,"","",2019,"",NA,NA,0.777777777777778,0.666666666666667,2
"673",NA,9,2019,"Salt Spring Island","Fulford Harbour","Female",53,"","",2018,"",NA,NA,1.66666666666667,1.58333333333333,1
"674",NA,10,2019,"Boundary Bay","Blackie Spit","Female",59,"","",2018,"",NA,NA,1.77777777777778,1.66666666666667,1
"675",NA,10,2019,"Boundary Bay","Blackie Spit","Female",65,"","",2018,"",NA,NA,1.77777777777778,1.66666666666667,1
"676",NA,11,2019,"Boundary Bay","Blackie Spit","Female",53,"","",2018,"",NA,NA,1.88888888888889,1.75,1
"677",NA,10,2019,"Lummi Bay","","Male",71,"","",2018,"",NA,NA,1.77777777777778,1.66666666666667,2
"678",NA,12,2019,"Lummi Bay","","Male",62,"","",2018,"",NA,NA,2,1.83333333333333,2
